[
  {
    "nombre": "El Loco",
    "significado_derecho": "Es preciso combinar sabiduría, creatividad, locura y quizás algo de sensatez para generar lo que aún no se ha manifestado ni materializado, encierra el potencial de lo que todavía no se ha encarnado. Admitir nuestra propia ignorancia es quizás nuestra máxima sabiduría. Libertad interior. Tenés la suficiente libertad y apertura para encontrar un nuevo sentido que te libere de viejas creencias. Todas las opciones son posibles. Ingenio, mente talentosa. Opciones de iniciar un proyecto o un vínculo totalmente diferente. Disposición interna para aceptar lo diferente, creativo y renovador, alentándote a poner fin a viejas ataduras y a resignificar creencias estrictas. Puede estar marcando el principio o el fin de algo; una dificultad para adaptarte a las normas, una toma de decisiones en forma irresponsable o falta de análisis racional. Cruzá el puente con confianza e impulso, jugá, tomá riesgos y que no te importe lo que otros digan.",
    "significado_reverso": "Las decisiones espontáneas necesitan un replanteamiento. Proyectos que pueden caerse debido a irresponsabilidad, inmadurez o falta de previsión. Quizás estés asustado por un ambiente o situación que se encuentran demasiado en el aire, te cuesta aceptar tu protección creativa y actúes con excesiva rigidez, y eso provoque situaciones más impredecibles, que pueden hacerte sentir que estás fuera de todo, de no encajar. Un exceso de inocencia de tu parte puede hacer que no veas el peligro de asumir responsabilidades que no lograrás sostener. Hay poca capacidad de contacto con la realidad concreta y posible. carencia de criterios objetivos."
  },
  {
    "nombre": "El Mago",
    "significado_derecho": "Tienes a tu alcance todo lo que necesitas para crear ahora lo que deseas, sólo tenés que ver lo que hay delante tuyo. Palabras y hechos, una llamada a la confianza y la expresión de la propia personalidad. Viajes y proyectos creativos, comunicación e integridad. Energía de inicio, entusiasmo, capacidad y voluntad para comenzar, comprender y proponer lo que se desea realizar. Flexibilidad, adaptación, optimismo. Manifestación, crear \"algo de la nada\". Compromiso.",
    "significado_reverso": "Rigidez racional. Sueños sin fundamento y desilusión sobre vos mismo. Pérdida de energía o energía dispersa. Situaciones que quedan en el plano mental y no son bajadas a tierra y concretadas. Indecisión, falta de perseverancia para sostener el deseo. Energía de inicio, pero sin tolerar las frustraciones e inconvenientes."
  },
  {
    "nombre": "La Papisa",
    "significado_derecho": "Intuición, espiritualidad, introspección. La sabiduría y tolerancia que respeta los tiempos naturales de todo proceso, de todo ser. Acción pasiva, actúa con el \"no hacer\". Acompaña todo proceso de crecimiento o evolución sin juzgar ni interferir. No apresurarse. Sensibilidad, paciencia y tolerancia. Dejate guiar por la intuición, alimenta tu deseo de aprendizaje y busca la inspiración. Conectate con tu esencia maternal o familiar, con tu capacidad de nutrir, proteger, cuidar y también de recibir cuidados y protección.  Entregate al fluir de la vida, deja que los procesos se vayan manifestando naturalmente. Prioriza el contacto con el mundo interno. Tendencia a maternizar los vínculos, no hay pasión o deseo sexual. Puede anunciar un embarazo.",
    "significado_reverso": "Auto encierro, frialdad emotiva, rigidez o bloqueo emocional. Las emociones afloran y puede que descubras gracias a un secreto que se devela que estabas apoyada sobre pilares equivocados. No tomes ninguna decisión bajo presión y date más tiempo. Exceso de introversión., cuesta aceptar los cambios que plantea el exterior. Falta de iniciativa, inercia, excesiva pasividad. Dependencia de otros, actitudes infantiles, reacciones regresivas, repetitivas, ligadas a la familia o al pasado. Falta de amor pasional o deseo asexuado. Confusión, desilusión."
  },
  {
    "nombre": "La Emperatriz",
    "significado_derecho": "Conexión con las propias posibilidades de materialización, con el placer de poder ser parte de los procesos creativos comprometiendo el propio cuerpo y la propia voluntad. Disfrute. Autovaloración y autoestima. Las situaciones y vínculos se desarrollan de la manera que uno desea. Entusiasmo. Espíritu alegre y sin culpas. Amor, belleza, placer, sensualidad, armonía, sexualidad. Alegría.",
    "significado_reverso": "Inseguridades. Poca capacidad de disfrutar de lo que se tiene, sensación de escasez. Disipación de energía en lo social o las apariencias, narcisismo, histeria, vanidad, celos. Puede indicar problemas en órganos femeninos o dificultades con la maternidad. Relación negativa con tu cuerpo y propio disfrute."
  },
  {
    "nombre": "El Emperador",
    "significado_derecho": "Te sentís estimulado a comprometerte con tu capacidad de generar forma y con el talento de responder y sostener aquello que has generado. Entusiasmo por comprometerte con aquello que has creado, voluntad de ordenar el deseo actual en pos de la construcción de un proyecto coherente con tu propia voluntad, capaz de perdurar en el tiempo. Capacidad de autoconciencia y de juicio sobre vos mismo. Mejor comprensión de tus 4 potenciales: aire (pensamientos), agua (emociones), fuego (deseos) y tierra (plasmar en la realidad), otorgando posibilidad de integrarlos, permitiéndote así llevar a la realidad tus deseos con mucho criterio de oportunidad y capacidad de perseverancia. Nuevo principio y orden que dependen de la voluntad y esfuerzo, momento de maduración y responsabilidad. Puede indicar también la ayuda de una figura paterna, que podría ser de protección y ayuda o también asfixiante, ya que pone límites y exigencias. Liderazgo, responsabilidad, orden y estructura.",
    "significado_reverso": "Reafirmar tu independencia te liberará de la culpa asociada con el pasado. Te podés sentir oprimido, alguien o el ambiente quiere controlarte en vez de apoyarte, y hace caso omiso a tus necesidades o ideas, ejerciendo abuso de poder. Excesiva autoexigencia y poca capacidad para conectarte con el placer o el disfrute; excesivo deber ser, pesa demasiado el pasado, las normas. Lucha con la autoridad, con las figuras paternas, ambiente materialista, machista, asfixiante o excesivamente protector."
  },
  {
    "nombre": "El Papa",
    "significado_derecho": "Aprendizaje transpersonal, progreso espiritual. Movimiento de las antiguas estructuras para dejar lugar a mayor intuición y espiritualidad; nuestra mente consciente siente miedo ante este proceso y suele temer este cambio que se siente fuera de su control, por eso reprimís o tratás de controlar esta energía que es traducida como desequilibrante y peligrosa. Pérdida de equilibrio y orden. Nos empuja, a través de situaciones y vínculos, a crecer precisamente allí donde estamos más condicionados por el miedo. Pueden surgir vínculos con los que se correrá peligro de otorgarles excesivo poder, provocando relaciones poco claras. La sombra del Papa se manifestará en el magnetismo sexual, el poder espiritual y el apego económico. La persona deberá descubrir todo el juego de dependencia y transferencia que se ha suscitado en los vínculos que proponen mayor crecimiento. La inspiración divina está a tu alcance.",
    "significado_reverso": "Momento de aprender, buscar la clave, recibir consejos con humildad. Puede manifestar una crisis en el trabajo o excesiva autocrítica que bloquea proyectos. Hay que buscar la motivación con proyectos alcanzables. Malos consejos, burocracia. Actitudes soberbias. Excesivos temores y deseos que impiden mostrarse tal como uno es. Miedo a abrirse. Represión exagerada que genera conflictos en la propia sexualidad o con el dinero o el poder. Cuidado con entregar todo el poder al afuera, puede haber personas o circunstancias excesivamente rígidas e intolerantes que pueden llegar a someterte."
  },
  {
    "nombre": "Los Enamorados",
    "significado_derecho": "Una oportunidad para seguir adelante, pero hay que tomar una decisión clave. Apostá por lo que querés y recibirás energía y capacidad de visión como recompensa. Siempre existen múltiples opciones y deseos contradictorios. Intenta abrirte a las alternativas sin prejuzgarlas, estate atento a los vínculos sin censurarlos. Dudas, no podés definir tus deseos claramente; ambigüedad. nuevas opciones, nuevos vínculos, nuevo nivel de amor. Las nuevas emociones producen desconcierto. Es necesario calmarse, no apresurarse, esperar; más adelante habrá que elegir un camino. Compromiso con el amor en sí y con vos mismo, algo se está revelando desde el propio inconsciente. Buen momento para iniciar actividades que calmen y ayuden a escuchar el interior, como el yoga, la meditación, etc. Conexión espiritual.",
    "significado_reverso": "Falta de valor para tomar una decisión madura, por exceso de confusión, podés sentirte angustiado porque hay poca claridad. Sensación de parálisis interna. La vida propone demasiadas opciones, creando un ambiente confuso y descontrolado. Es preciso apelar a la calma, confiar lo que propone la vida, animarse a soltar el control racional. Puede indicar una separación o una traición o infidelidad. Necesitas escuchar distintas opiniones y aclarar poco a poco la mente antes de comprometerte con una elección; tomate tu tiempo, controlá tus emociones y sé lo más coherente posible."
  },
  {
    "nombre": "El Carro",
    "significado_derecho": "Tiempo de maduración, autovaloración e independencia; es momento para habilitarse la propia potencia y la seguridad para la autodeterminación. Es preciso que te hagas cargo de la necesidad de elegir y animarte a soltar la duda e indecisión. Hay que terminar con la comodidad y la contradicción y jugarse por el propio deseo, que se está descubriendo, y accionar en esa dirección. Determinación. Sigue tu camino, tenés más control sobre tu vida de lo que imaginás. Necesidad de independizarse y correr tus propios riesgos. Fuerza al yo, coraje y sabiduría. Momento de hacerte cargo del viaje, de autodisciplina, con capacidad de focalizar la energía con el fin de conseguir lo que te propusiste. Triunfos materiales, dominio de emociones y voluntad, aunque esto puede requerir algún esfuerzo. Ojo con el excesivo egocentrismo, hay un desafío constante entre el excesivo agrandamiento del ego y el verdadero contacto con vos mismo. Lo importante es el viaje, no el destino final. Es una oportunidad para aprender a medida que experimentas las cosas, para reaccionar y actuar en cada etapa, pero tenés que acordarte de apreciar los dones que estás obteniendo.",
    "significado_reverso": "Cambio de meta, división entre la mente y las emociones. Necesidad de conseguir el equilibrio entre la propia fuerza de voluntad y lo que la vida nos enseña como posible, para no forzar las cosas, para no imponer exageradamente el propio deseo. Peligro del engreimiento del ego por excesiva confianza. la dirección errónea de tus planes bien intencionados puede hacerte creer que has tomado el camino equivocado. Debes observar los aspectos de la vida que has descuidado y cambiar el enfoque. Tu ego o tus emociones se están apoderando de vos, ya sea como reflejo de tu actitud o por el desequilibrio de aquellos en los que dependes. Hay obstáculos imprevistos que dificultan tu camino, pero eso no significa que estés errado en tu camino; deberás insistir y perseverar en la búsqueda de tu meta. Puede haber un viaje pospuesto o un proyecto que se detiene, provocando angustia y confusión. Demoras, tardanzas o retrasos en los tiempos calculados."
  },
  {
    "nombre": "La Justicia",
    "significado_derecho": "La conciencia comienza a percibir la presencia de un orden que nivela más allá de los deseos personales, que existen leyes compensatorias que ejercen su accionar de acuerdo con el propósito de una totalidad mayor, el cual no responde al anhelo individual de las partes; la justicia se impone sobre la voluntad humana. Es tiempo de espera, de purificación del propio deseo y de madurez de la personalidad egoica. No debes presionar para imponer tus deseos, porque eso te lleva a sentir tensión o excesiva exigencia. Ley de causa y efecto: lo que hacemos a los demás lo recibiremos de vuelta Si lográs conseguir el equilibrio interior-exterior, crearás belleza en los vínculos y situaciones, augurando que los mismos estarán limpios y sin asuntos pendientes del pasado. Posibilidad de purificar emociones y sentimientos, logrando paz interior. reajuste energético en el entorno, puede que sea necesario poner en claro papeles y/u ordenar temas pendientes de juicios, herencias o compraventas. Equilibrio, balance y justicia; se logra lo que se merece, no se recibirá nada que no sea una porción justa y equilibrada, lo que puede hacer desaparecer muchas ilusiones y fantasías.",
    "significado_reverso": "Rechaza la falta de fe de los demás y protege tu integridad. No caigas en la trampa de castigarte injustamente. Juicios excesivamente severos. Prejuicios, corrupción, oportunismo. Conspiraciones. Autoritarismo con uno mismo, rigideces. Frialdad y excesiva exigencia. Complicaciones y tardanzas en asuntos legales o laborales, o fallos que se resuelven en forma desfavorable."
  },
  {
    "nombre": "El Ermitaño",
    "significado_derecho": "Momento de introspección, de experiencia intensamente personal, autoconocimiento, aprendizaje espiritual, de encontrar tu voz interior, pasar un tiempo con vos mismo. Actitud de reflexión, de espera, de aprender que hay un tiempo para cada cosa. Ambiente cauto y tranquilo. Poca capacidad de demostrar los sentimientos, reserva y timidez, cuesta abrirse. Meditación. Fuerza interior.",
    "significado_reverso": "Si no comprendemos nuestras necesidades de introspección, podemos vernos forzados a situaciones de soledad y aislamiento. Necesitamos retraernos voluntariamente cuando así lo sentimos, ya que esto nos evita, por medio de situaciones extremas, a estar solos. Peligro de quedar en excesiva soledad por egoísmo, perfeccionismo, miedo a ser rechazado por los demás, baja autoestima, incapacidad de comunicarse con otros y expresar lo que sucede, o por ideas muy cerradas, o por estar demasiado recluido en tu propio interior, siendo incapaz de mostrar tu valor. No es el pensamiento sino la terquedad o las reacciones impulsivas lo que hacen que se provoque este aislamiento. En el ambiente pueden haber situaciones de encierro o misterios, gente que se aísla y no demuestra sus sentimientos o secretos no develados. Consejo: plantate en tu postura, no te dejes convencer, no aflojes, ni des demasiadas explicaciones."
  },
  {
    "nombre": "Rueda de la fortuna",
    "significado_derecho": "",
    "significado_reverso": "Detención, estancamiento, inercia. Momento de grandes transformaciones internas, de un cierre, final de un ciclo del destino que puede producir un alivio. Temor para abrirse a lo nuevo. Cambio de suerte. Quizás tengas dificultades para adaptarte si sentís que la rueda se volvió en tu contra, pero es importante aceptar tu situación en vez de luchar contra una injusticia que percibís como tal. Crisis y oportunidades que vienen del sacrificio propio. No trates de resistirte al destino. La dificultad para aceptar lo nuevo puede desembocar en una crisis afectiva o stress, inestabilidad, miedo al futuro, resistencia a lo que amplía u obliga a crecer."
  },
  {
    "nombre": "La Fuerza",
    "significado_derecho": "Debes recurrir a tu fuerza interior y tu paciencia para dominar poderosas fuerzas que pueden superarte, ya sean externas o que puedes estar luchando contra tu propia sombra. Someter al león no es cuestión de poder sino de amable persuasión y valentía. Carácter pasional, fuerte personalidad. Conexión entre la voluntad de tu espíritu y la capacidad de materializar tus deseos. Tomate tu tiempo, ten paciencia y no te rindas. El desarrollo de los sucesos dependerá de la voluntad y fuerza que estés dispuesto a entregar. Aplicación paciente de la fuerza interior que viene de la fuente (amigos, Dios, el Universo, deseos internos) y de la voluntad y el propósito. Energía de la amazona. Mayor conciencia, madurez y responsabilidad sobre el propio destino. La conciencia está aprendiendo sobre la confianza, \"poner el cuerpo\" y ser instrumento activo para el propósito de la trascendencia. Creatividad, seducción, extroversión.",
    "significado_reverso": "Voluntad débil, incapacidad de asumir un riesgo real. En vez de afrontar una tensión desconcertante a medida que intentás resolver un conflicto, tratás de negar la existencia del enemigo, que puede ser otro o que no quieras escuchar tu vos interior por miedo a las acciones que necesites emprender. Todo dependerá de tu sacrificio y tu tesón, quizás en el ambiente te presionen demasiado con proyectos que exigen excesiva dedicación en tiempo y esfuerzo. Sentirás que todo te cuesta demasiado esfuerzo, habría que plantearse cuán auténtico es el deseo, si no responde a una necesidad excesiva de calmar el propio ego. No podés soltar el rol protagónico, crees que todo depende de vos; tratá de dejar tu egocentrismo e intolerancia con las debilidades de los otros de lado, sino podés parecer engreído, arrollador y egoísta. Sólo tenés que transigir un poco para ganar la batalla."
  },
  {
    "nombre": "El Colgado",
    "significado_derecho": "Un cambio de perspectiva. Necesidad de mirar la vida desde una perspectiva diferente para sortear los problemas inmediatos. Quizás tengas que reunir todas tus fuerzas para renunciar a un sueño. Lo racional no soluciona ni entiende nada. Ver al mundo desde otro ángulo. Estás detenido, inmovilizado, pero es momento de aprender los secretos del destino, a ser receptivo con aquello que sucede más allá de nuestro accionar voluntario o consciente, para esperar pacientemente que la vida muestre su propósito. Momento de sensibilización, no de entendimiento racional y entrega a lo desconocido. Buen momento para descubrir cosas ocultas o inconscientes, iniciar una terapia o una actividad ligada a la meditación, yoga, análisis o relajación corporal. Quizás estés angustiado porque nada de lo que te propones logra ser alcanzado, con temor, la personalidad está en tiempo de transición, muriendo a una vida para comprender otra más sensible e intuitiva. El yo cotidiano deberá abandonar la identidad conocida para confiar en nuevas maneras de vivir. Esto lleva a una sensación de parálisis, pérdida y confusión. Debes ser paciente. Hay que aprovechar este momento desarrollando la creatividad, el camino espiritual y el autoconocimiento. Nuestro raciocinio se siente estancado, frustrado, quieto, inmóvil y censurado, traicionado, humillado y desposeído. Es un momento de gran fractura entre lo nuevo y lo viejo. Es tiempo de conectarse con lo que no se ve y dejar el egocentrismo, esto hace que se sienta como un sacrificio y que debes resignar tus proyectos y deseos. Lo sabio es detener el juicio racional e intentar comprender qué aprendizaje hay detrás de esta supuesta frustración de nuestros planes.",
    "significado_reverso": "Indecisión, retraso, pérdida de tiempo. Puede que pienses que estás atado el curso de los acontecimientos, pero esto es sólo una excusa para la inactividad. Dejarte guiar por tu inconsciente y abrirte a otras alternativas te librará de la indecisión. Una fantasía irrealista sólo apretará más la cuerda que te mantiene atado. Tenés miedo de mostrarte y quedar ridiculizado, por eso te autocensurás. Confusión y frustración. Estancamiento. Sacrificios excesivos que terminan siendo inútiles, o te sacrificás por costumbre. Vida muy rutinaria y poco gratificante y no sabes cómo modificar esta situación."
  },
  {
    "nombre": "La Muerte",
    "significado_derecho": "Final de un ciclo, de las creencias sobre uno mismo y sobre los otros. Nuestra vieja personalidad debe retirarse, por eso lo que sucede produce dolor o incomodidad, pero para aliviarlo hay que aceptarlo. La insistencia sobre lo que \"ya no es\" sólo continuará provocando sufrimiento. Crisis de identidad, urgente necesidad de terminar con lo viejo para que pueda venir lo nuevo, cambio interno profundo y doloroso que no se puede evitar, sino que es necesario atravesar. Se tiene apego por el pasado y se sufre porque esa realidad ya no está. La conciencia se ve tironeada entre continuar sosteniendo sus deseos personales o intentar abrirse hacia una percepción diferente de los sucesos en donde pueden mostrarse propósitos más sutiles y sublimes. Final de un ciclo de destino, una huida de los viejos patrones conocidos hacia el descubrimiento de nuevas oportunidades, esta muerte es necesaria para seguir adelante y es una progresión natural.",
    "significado_reverso": "Ha llegado la hora de dar un cambio. Puede que hayas estado aferrado a situaciones o relaciones en las que continuas por pura inercia, pero que no te llenan. Si no podés tomar una decisión ahora, alguien o algo puede provocar ese cambio. Acontecimientos inesperados, situaciones de pérdida, fracasos o desengaños que te producen sufrimiento y dolor. Excesivo apego a lo conocido que produce cada vez más sufrimiento, enfermedades o dificultades físicas. Ambiente en crisis. Es necesario aceptar los cambios."
  },
  {
    "nombre": "La Templanza",
    "significado_derecho": "Tiempo de renacimiento y revitalización. Confianza y entrega absoluta al orden del universo. Reformulación de las creencias o concepciones de la vida. El devenir de la vida es acompañado con aceptación, entrega y alegría. Gran conexión espiritual e intuición. Estás protegido y guiado por tu \"ángel de la guarda\". Tenés que entregarte a sentir y confiar, no controlar. Integración y amor. Tolerancia, fluidez, fe. Equilibrio, armonía. Reconciliación y resolución de problemas del pasado para crear el futuro que querés. Expansión y crecimiento. Es un momento para dejarte fluir con las corrientes más profundas, aprender a sentir y confiar en lo sagrado en contacto con la abundancia de la vida, la unión entre lo divino y lo humano, el yin y el yang, lo masculino y lo femenino, como símbolo de integración y madurez. Iluminación, carencia de prejuicios, optimismo, con la capacidad de abandonar antiguas ataduras y rigideces.",
    "significado_reverso": "Desequilibrio: los acontecimientos del pasado amenazan con superarte y no dejan que te enfoques en el presente. En el amor, recuerdos desagradables que pueden afectar tu relación actual. Carencia general de recursos. La atención a los detalles es la mejor forma de salir del torbellino. Separar emoción y mente. Algo que se hace apresurado y no se piensa lo suficiente provoca desbalances y mala ejecución. Demasiado de algunas cosas y demasiado poco de otras, o demasiadas cosas juntas. Hay necesidad de ver todo positivo, idealizaciones, tendencia a negar la realidad y exceso de optimismo. Situaciones que prometían crecimiento y expansión se estancan o se terminan. Si perseveras, podés confiar en el éxito final."
  },
  {
    "nombre": "El Diablo",
    "significado_derecho": "Es momento de conocer tu propia sombra, encontrarte con vos mismo, con lo que más te aterra, de la vida y de vos mismo. Momento intenso y conflictivo, necesidad de control y apego a la materia, el sexo y el poder. Representa nuestra propia energía negada y retenida. Alta vibración energética, una energía poderosa domina la situación. Si se pierde el miedo que produce permite la conexión con tu propio poder, dándote potencia e intensidad. Pasión, poder y temores entremezclados, lo que te genera contradicciones, vergüenza, enojos o sentimiento de indignidad. La personalidad disfruta de su poder y de su capacidad para materializar, pero se da cuenta y cuestiona este circuito sin final entre posesiones-poder-control-miedo. Se cuestionan las propias formas de manejarse con el poder y las del entorno, generando conflicto entre el sometimiento y la necesidad de liberarse de situaciones de dependencia.",
    "significado_reverso": "Esclavitud, descontrol energético, exceso de arrogancia y orgullo. Energía negativa orientada a la autodestrucción, perversión, excesiva dependencia del dinero o el poder, sexualidad descontrolada. Algo o alguien que deseas exige un alto precio. Pánico, paranoia. Mal manejo o abuso de lo económico. También puede significar liberarse de una situación de opresión. Lo peor ya pasó, pero todavía subsisten el estigma y las consecuencias que tienen que ser limpiadas antes de que las cosas vuelvan a ser normales."
  },
  {
    "nombre": "La Torre",
    "significado_derecho": "Momento de verdadera liberación que habilita la iluminación del ser, permitiéndole romper con viejas estructuras o creencias. Desapego y ruptura con lo que estaba en estado de excesiva densidad y demasiado cristalizado. Derrumbe de estructuras que daban seguridad. Cortes dolorosos pero liberadores. Todo lo que se veía concreto y seguro sobre uno mismo y sobre los demás se desmorona sin previo aviso y sin claridad de futuro. Momento de quiebre personal, de ruptura de creencias, situación interna conflictiva y confusa. Lo que ocurra es obra del destino, es inevitable, no es tu culpa, tus defensas están por el suelo y sos vulnerable. Después de la destrucción, puedes recoger los pedazos y reclamar tu sitio. Lo que crees ahora tendrá unos fundamentos más sólidos.",
    "significado_reverso": "Miedo al cambio; o no hay cambio por egoísmo y orgullo. Quizás hayas creado un clima de inestabilidad a tu alrededor y tus sueños se han derrumbado y tu seguridad se ha visto amenazada. Acepta lo que ha pasado y analiza sus causas. Liberate de la culpa, para recuperar la confianza y seguir adelante. Hora de reconstruir con el pensamiento concreto y aprender de tus errores."
  },
  {
    "nombre": "La Estrella",
    "significado_derecho": "Inspiración. Curación y armonía. Esperanza. Optimismo. Asistencia divina. Viajes. Creatividad. Se vislumbra hacia donde ir. Sensación de paz placentera. La conciencia se abre a la evidencia de que el propósito en la vida se descubre con otros. Buena suerte en lo que se emprenda con conexión intuitiva y protección. Los deseos más íntimos pueden ser expresados conscientemente. Alcanzar tu verdadero potencial te proporcionará libertad. Debés contactarte con tu propia sabiduría interna. Proyectos renovadores y creativos. Amistad desinteresada. Amor desapegado, libre y creativo, que no intenta ser posesivo ni demandante. Alta sensibilidad e integridad. Debes animarte a confiar en la creatividad de la vida. Grupos, amigos o colaboradores que permiten y favorecen el crecimiento y habilitan los proyectos.",
    "significado_reverso": "Puede que ahora mismo no puedas cumplir tu sueño. Necesitas identificar las expectativas de la vida real, se han ignorado los detalles prácticos que hacen posible materializar un proyecto. Debes cerrar la ventana, interiorizarte y dejar que el proyecto madure. Te sentís desesperanzado, frustrado, quizás por exceso de inocencia, irresponsabilidad o inmadurez, tuya o del ambiente, que puede haber personas desapegadas o carentes de interés en que se concreten tus proyectos. Te cuesta asumir compromisos afectivos, hay una dificultad para generar dinero y hacerse cargo de excesivas responsabilidades. Proyectos que parecían interesantes se paralizan o se postergan. Bloqueo creativo, necesidad de encontrar otra vuelta de tuerca o buscar nuevos grupos para la realización de tus proyectos."
  },
  {
    "nombre": "La Luna",
    "significado_derecho": "Sueños, ilusiones. Intuición. Crisis de fe. La conciencia debe enfrentarse con miedos y temores irracionales. \"La noche oscura del alma\", intenso sufrimiento y oscuridad interna sobre lo que se viene cuando el proceso de transformación personal psicoespiritual alcanza su estadio final y decisivo. En el fondo se aprecia la figura del sol invitándote a seguir avanzando en la búsqueda de tu verdadera identidad. Momento de introspección y profundo sinceramiento reflexivo acerca de la verdad del mundo emocional interno. La conciencia se halla estimulada a una honda percepción sensible de miedos y deseos, pero también descubre la posibilidad de contacto con un potencial de clarividencia e intuición. Ha llegado el momento de desactivar todos los hechizos y liberarse de viejos temores. Pasar de la emoción del plexo (miedo) al sentir del corazón (amor). Entrega más auténtica y amorosa, vulnerabilidad. Ojo con los enemigos ocultos, los rumores, las mentiras, la negación y las acusaciones infundadas.",
    "significado_reverso": "El miedo a la inseguridad puede impedir la transformación espiritual. Hipersensibilidad, confusión, celos e inclinación a ser posesivo. Sensación de no estar siendo reconocido o bien conceptuado. Momento de extrema subjetividad, situaciones distorsionadas por la mirada lunar, tiñendo la realidad con temores. Peligro de no hacer nada por miedo. Para evitar el malestar producido por una decisión conflictiva o traumática, quizás sientas la tentación de revisar tus expectativas para que encajen realmente con lo que te ofrece la vida; sin embargo, acallar tus necesidades significa que puedes llegar a tener una visión irrealista de los demás, al tiempo que sigues negándote a vos mismo las oportunidades que te mereces."
  },
  {
    "nombre": "El Sol",
    "significado_derecho": "Las personas y las cosas te quieren ayudar, pero tenés que estar alerta a las oportunidades. El deseo y el destino fluyen en una misma dirección, se reciben los desafíos con sabia aceptación. Posibilidad de soltar el miedo, lo oscuro, la desconfianza. Se está presentando una experiencia para ser disfrutada y vivida a pleno. La realidad se presenta vital y luminosa. Ganas de volver a empezar con mayor entusiasmo. Luz propia, que pone luz a lo oscuro, revitaliza la tristeza y aleja el miedo. Excelente relación con uno mismo, honestidad y sinceridad para encarar las situaciones. Paz, alegría. Felicidad. Capacidad para el éxito y para dar y recibir amor. Bienaventuranza y entusiasmo. Sentimiento de confianza para un cambio de perspectiva, de salir del miedo y el control y poder confiar en el contacto vital con el mundo, para expresar los sentimientos y el afecto, percibiendo donde y con quienes hay que cuidarse y preservarse y donde hay una auténtica amorosidad.",
    "significado_reverso": "Retraso: mantener la fe y no rendirse. Miedo que te paraliza, falta de apoyo, cerrarse a recibir ayuda. Falta de apertura y honestidad en el ambiente, o demasiadas fantasías o inocencia. la presencia de personas que son excesivamente positivas que pueden entorpecer el desarrollo de los acontecimientos por no tener en cuenta los riesgos y complicaciones. Ideas que no se concretan, por falta de autoconfianza. Exceso de orgullo o vanidad o querer salirse siempre con la suya."
  },
  {
    "nombre": "El Juicio",
    "significado_derecho": "Renovación y liberación de viejos mandatos, tiempo de principios y finales, adquiriendo cierta perspectiva del pasado, con más entendimiento y perdón de conflictos del pasado y miras hacia el futuro. Una segunda oportunidad. Confiar en que tu espíritu es el verdadero guía. Un momento de gran avance y mayor comprensión. Despertar espiritual, cambio de conciencia. Estás despertando a una nueva filosofía de vida conectada con un nuevo compromiso. Momento de maduración y crecimiento consciente. Se asume una vida más completa, que otorgará sanación y crecimiento.",
    "significado_reverso": "Esta carta puede indicar que te sentís culpable por el pasado y el examen de conciencia te retiene. Te podés perder grandes oportunidades si no enterrás el pasado. Ojo con el exceso de ambición, la tendencia al fanatismo o al exagerado sentido de estar cumpliendo una \"misión\" o excesiva soberbia. Prejuicios falsos y excesivas exigencias sobre uno mismo. Quizás es tiempo de hacer un corte final, aunque tengas que hacer sacrificios para salirte de este viaje."
  },
  {
    "nombre": "El Mundo",
    "significado_derecho": "La realización. No estás fijado ni en el pasado ni en el futuro y podés aceptar los desafíos del presente con firmeza, seguridad y gran capacidad de decisión y acción, descubriendo lo que propone cada situación de la vida, con mucha capacidad de disfrutar del presente sin anhelos de un futuro imposible ni recuerdos temerosos del pasado. Perfecto equilibrio psíquico, con mucha conexión con el propio ser y un gran anhelo de ser fiel a uno mismo. Gran capacidad de respetar el propio ritmo. Una parte  de tu vida puede estar llegando a su final de una forma natural y rebosas de energía y optimismo con el futuro. Debés confrontar la realidad con la fantasía. Chequear y cuestionar la propia forma de vida y las propias ilusiones y ponerte en contacto con lo que es realmente nuestro presente. El ambiente se presenta limpio y claro, con mucho bienestar y seguridad, buenos vínculos y capacidad de concreción. Rebeldía a lo tradicional y búsqueda de lo nuevo.",
    "significado_reverso": "Dificultad para disfrutar de lo que se tiene, que suele ser mucho y bueno. Problemas para conectarte con todas las posibilidades que brinde el momento presente. Valores obsoletos y falta de determinación para cambiar a mejor, el temor al cambio limita el potencial para el éxito. Proyectos o tareas que tenían buena perspectiva no se realizan o se demoran, quizás por rigideces o estructuras del pasado que no habilitan lo bueno del presente. Te estás perdiendo lo divertido de la vida. Te estás moviendo en círculos cada vez más pequeños. El universo parece un lugar más reducido cuando estás en un punto muerto emocional. Concentra tus energías en el presente. Rompe vínculos y no dejes pasar la oportunidad de conocer lo que el resto del mundo tiene que ofrecerte."
  }
]